Date,Year,YearMonth,QtrYear,QtrNumber,QNumber,MonthName,MonthShortName,MonthNumber,MonthYear,DayName,DayShortName,DayNumber
2024-01-01,2024,2024-01,Q1 2024,1,1,January,Jan,1,January 2024,Monday,Mon,1
2024-01-02,2024,2024-01,Q1 2024,1,1,January,Jan,1,January 2024,Tuesday,Tue,2
2024-01-03,2024,2024-01,Q1 2024,1,1,January,Jan,1,January 2024,Wednesday,Wed,3
2024-01-04,2024,2024-01,Q1 2024,1,1,January,Jan,1,January 2024,Thursday,Thu,4
2024-01-05,2024,2024-01,Q1 2024,1,1,January,Jan,1,January 2024,Friday,Fri,5
2024-01-06,2024,2024-01,Q1 2024,1,1,January,Jan,1,January 2024,Saturday,Sat,6
2024-01-07,2024,2024-01,Q1 2024,1,1,January,Jan,1,January 2024,Sunday,Sun,7
2024-01-08,2024,2024-01,Q1 2024,1,1,January,Jan,1,January 2024,Monday,Mon,8
2024-01-09,2024,2024-01,Q1 2024,1,1,January,Jan,1,January 2024,Tuesday,Tue,9
2024-01-10,2024,2024-01,Q1 2024,1,1,January,Jan,1,January 2024,Wednesday,Wed,10
2024-01-11,2024,2024-01,Q1 2024,1,1,January,Jan,1,January 2024,Thursday,Thu,11
2024-01-12,2024,2024-01,Q1 2024,1,1,January,Jan,1,January 2024,Friday,Fri,12
2024-01-13,2024,2024-01,Q1 2024,1,1,January,Jan,1,January 2024,Saturday,Sat,13
2024-01-14,2024,2024-01,Q1 2024,1,1,January,Jan,1,January 2024,Sunday,Sun,14
2024-01-15,2024,2024-01,Q1 2024,1,1,January,Jan,1,January 2024,Monday,Mon,15
2024-01-16,2024,2024-01,Q1 2024,1,1,January,Jan,1,January 2024,Tuesday,Tue,16
2024-01-17,2024,2024-01,Q1 2024,1,1,January,Jan,1,January 2024,Wednesday,Wed,17
2024-01-18,2024,2024-01,Q1 2024,1,1,January,Jan,1,January 2024,Thursday,Thu,18
2024-01-19,2024,2024-01,Q1 2024,1,1,January,Jan,1,January 2024,Friday,Fri,19
2024-01-20,2024,2024-01,Q1 2024,1,1,January,Jan,1,January 2024,Saturday,Sat,20
2024-01-21,2024,2024-01,Q1 2024,1,1,January,Jan,1,January 2024,Sunday,Sun,21
2024-01-22,2024,2024-01,Q1 2024,1,1,January,Jan,1,January 2024,Monday,Mon,22
2024-01-23,2024,2024-01,Q1 2024,1,1,January,Jan,1,January 2024,Tuesday,Tue,23
2024-01-24,2024,2024-01,Q1 2024,1,1,January,Jan,1,January 2024,Wednesday,Wed,24
2024-01-25,2024,2024-01,Q1 2024,1,1,January,Jan,1,January 2024,Thursday,Thu,25
2024-01-26,2024,2024-01,Q1 2024,1,1,January,Jan,1,January 2024,Friday,Fri,26
2024-01-27,2024,2024-01,Q1 2024,1,1,January,Jan,1,January 2024,Saturday,Sat,27
2024-01-28,2024,2024-01,Q1 2024,1,1,January,Jan,1,January 2024,Sunday,Sun,28
2024-01-29,2024,2024-01,Q1 2024,1,1,January,Jan,1,January 2024,Monday,Mon,29
2024-01-30,2024,2024-01,Q1 2024,1,1,January,Jan,1,January 2024,Tuesday,Tue,30
2024-01-31,2024,2024-01,Q1 2024,1,1,January,Jan,1,January 2024,Wednesday,Wed,31
2024-02-01,2024,2024-02,Q1 2024,1,1,February,Feb,2,February 2024,Thursday,Thu,1
2024-02-02,2024,2024-02,Q1 2024,1,1,February,Feb,2,February 2024,Friday,Fri,2
2024-02-03,2024,2024-02,Q1 2024,1,1,February,Feb,2,February 2024,Saturday,Sat,3
2024-02-04,2024,2024-02,Q1 2024,1,1,February,Feb,2,February 2024,Sunday,Sun,4
2024-02-05,2024,2024-02,Q1 2024,1,1,February,Feb,2,February 2024,Monday,Mon,5
2024-02-06,2024,2024-02,Q1 2024,1,1,February,Feb,2,February 2024,Tuesday,Tue,6
2024-02-07,2024,2024-02,Q1 2024,1,1,February,Feb,2,February 2024,Wednesday,Wed,7
2024-02-08,2024,2024-02,Q1 2024,1,1,February,Feb,2,February 2024,Thursday,Thu,8
2024-02-09,2024,2024-02,Q1 2024,1,1,February,Feb,2,February 2024,Friday,Fri,9
2024-02-10,2024,2024-02,Q1 2024,1,1,February,Feb,2,February 2024,Saturday,Sat,10
2024-02-11,2024,2024-02,Q1 2024,1,1,February,Feb,2,February 2024,Sunday,Sun,11
2024-02-12,2024,2024-02,Q1 2024,1,1,February,Feb,2,February 2024,Monday,Mon,12
2024-02-13,2024,2024-02,Q1 2024,1,1,February,Feb,2,February 2024,Tuesday,Tue,13
2024-02-14,2024,2024-02,Q1 2024,1,1,February,Feb,2,February 2024,Wednesday,Wed,14
2024-02-15,2024,2024-02,Q1 2024,1,1,February,Feb,2,February 2024,Thursday,Thu,15
2024-02-16,2024,2024-02,Q1 2024,1,1,February,Feb,2,February 2024,Friday,Fri,16
2024-02-17,2024,2024-02,Q1 2024,1,1,February,Feb,2,February 2024,Saturday,Sat,17
2024-02-18,2024,2024-02,Q1 2024,1,1,February,Feb,2,February 2024,Sunday,Sun,18
2024-02-19,2024,2024-02,Q1 2024,1,1,February,Feb,2,February 2024,Monday,Mon,19
2024-02-20,2024,2024-02,Q1 2024,1,1,February,Feb,2,February 2024,Tuesday,Tue,20
2024-02-21,2024,2024-02,Q1 2024,1,1,February,Feb,2,February 2024,Wednesday,Wed,21
2024-02-22,2024,2024-02,Q1 2024,1,1,February,Feb,2,February 2024,Thursday,Thu,22
2024-02-23,2024,2024-02,Q1 2024,1,1,February,Feb,2,February 2024,Friday,Fri,23
2024-02-24,2024,2024-02,Q1 2024,1,1,February,Feb,2,February 2024,Saturday,Sat,24
2024-02-25,2024,2024-02,Q1 2024,1,1,February,Feb,2,February 2024,Sunday,Sun,25
2024-02-26,2024,2024-02,Q1 2024,1,1,February,Feb,2,February 2024,Monday,Mon,26
2024-02-27,2024,2024-02,Q1 2024,1,1,February,Feb,2,February 2024,Tuesday,Tue,27
2024-02-28,2024,2024-02,Q1 2024,1,1,February,Feb,2,February 2024,Wednesday,Wed,28
2024-02-29,2024,2024-02,Q1 2024,1,1,February,Feb,2,February 2024,Thursday,Thu,29
2024-03-01,2024,2024-03,Q1 2024,1,1,March,Mar,3,March 2024,Friday,Fri,1
2024-03-02,2024,2024-03,Q1 2024,1,1,March,Mar,3,March 2024,Saturday,Sat,2
2024-03-03,2024,2024-03,Q1 2024,1,1,March,Mar,3,March 2024,Sunday,Sun,3
2024-03-04,2024,2024-03,Q1 2024,1,1,March,Mar,3,March 2024,Monday,Mon,4
2024-03-05,2024,2024-03,Q1 2024,1,1,March,Mar,3,March 2024,Tuesday,Tue,5
2024-03-06,2024,2024-03,Q1 2024,1,1,March,Mar,3,March 2024,Wednesday,Wed,6
2024-03-07,2024,2024-03,Q1 2024,1,1,March,Mar,3,March 2024,Thursday,Thu,7
2024-03-08,2024,2024-03,Q1 2024,1,1,March,Mar,3,March 2024,Friday,Fri,8
2024-03-09,2024,2024-03,Q1 2024,1,1,March,Mar,3,March 2024,Saturday,Sat,9
2024-03-10,2024,2024-03,Q1 2024,1,1,March,Mar,3,March 2024,Sunday,Sun,10
2024-03-11,2024,2024-03,Q1 2024,1,1,March,Mar,3,March 2024,Monday,Mon,11
2024-03-12,2024,2024-03,Q1 2024,1,1,March,Mar,3,March 2024,Tuesday,Tue,12
2024-03-13,2024,2024-03,Q1 2024,1,1,March,Mar,3,March 2024,Wednesday,Wed,13
2024-03-14,2024,2024-03,Q1 2024,1,1,March,Mar,3,March 2024,Thursday,Thu,14
2024-03-15,2024,2024-03,Q1 2024,1,1,March,Mar,3,March 2024,Friday,Fri,15
2024-03-16,2024,2024-03,Q1 2024,1,1,March,Mar,3,March 2024,Saturday,Sat,16
2024-03-17,2024,2024-03,Q1 2024,1,1,March,Mar,3,March 2024,Sunday,Sun,17
2024-03-18,2024,2024-03,Q1 2024,1,1,March,Mar,3,March 2024,Monday,Mon,18
2024-03-19,2024,2024-03,Q1 2024,1,1,March,Mar,3,March 2024,Tuesday,Tue,19
2024-03-20,2024,2024-03,Q1 2024,1,1,March,Mar,3,March 2024,Wednesday,Wed,20
2024-03-21,2024,2024-03,Q1 2024,1,1,March,Mar,3,March 2024,Thursday,Thu,21
2024-03-22,2024,2024-03,Q1 2024,1,1,March,Mar,3,March 2024,Friday,Fri,22
2024-03-23,2024,2024-03,Q1 2024,1,1,March,Mar,3,March 2024,Saturday,Sat,23
2024-03-24,2024,2024-03,Q1 2024,1,1,March,Mar,3,March 2024,Sunday,Sun,24
2024-03-25,2024,2024-03,Q1 2024,1,1,March,Mar,3,March 2024,Monday,Mon,25
2024-03-26,2024,2024-03,Q1 2024,1,1,March,Mar,3,March 2024,Tuesday,Tue,26
2024-03-27,2024,2024-03,Q1 2024,1,1,March,Mar,3,March 2024,Wednesday,Wed,27
2024-03-28,2024,2024-03,Q1 2024,1,1,March,Mar,3,March 2024,Thursday,Thu,28
2024-03-29,2024,2024-03,Q1 2024,1,1,March,Mar,3,March 2024,Friday,Fri,29
2024-03-30,2024,2024-03,Q1 2024,1,1,March,Mar,3,March 2024,Saturday,Sat,30
2024-03-31,2024,2024-03,Q1 2024,1,1,March,Mar,3,March 2024,Sunday,Sun,31
2024-04-01,2024,2024-04,Q2 2024,2,2,April,Apr,4,April 2024,Monday,Mon,1
2024-04-02,2024,2024-04,Q2 2024,2,2,April,Apr,4,April 2024,Tuesday,Tue,2
2024-04-03,2024,2024-04,Q2 2024,2,2,April,Apr,4,April 2024,Wednesday,Wed,3
2024-04-04,2024,2024-04,Q2 2024,2,2,April,Apr,4,April 2024,Thursday,Thu,4
2024-04-05,2024,2024-04,Q2 2024,2,2,April,Apr,4,April 2024,Friday,Fri,5
2024-04-06,2024,2024-04,Q2 2024,2,2,April,Apr,4,April 2024,Saturday,Sat,6
2024-04-07,2024,2024-04,Q2 2024,2,2,April,Apr,4,April 2024,Sunday,Sun,7
2024-04-08,2024,2024-04,Q2 2024,2,2,April,Apr,4,April 2024,Monday,Mon,8
2024-04-09,2024,2024-04,Q2 2024,2,2,April,Apr,4,April 2024,Tuesday,Tue,9
2024-04-10,2024,2024-04,Q2 2024,2,2,April,Apr,4,April 2024,Wednesday,Wed,10
2024-04-11,2024,2024-04,Q2 2024,2,2,April,Apr,4,April 2024,Thursday,Thu,11
2024-04-12,2024,2024-04,Q2 2024,2,2,April,Apr,4,April 2024,Friday,Fri,12
2024-04-13,2024,2024-04,Q2 2024,2,2,April,Apr,4,April 2024,Saturday,Sat,13
2024-04-14,2024,2024-04,Q2 2024,2,2,April,Apr,4,April 2024,Sunday,Sun,14
2024-04-15,2024,2024-04,Q2 2024,2,2,April,Apr,4,April 2024,Monday,Mon,15
2024-04-16,2024,2024-04,Q2 2024,2,2,April,Apr,4,April 2024,Tuesday,Tue,16
2024-04-17,2024,2024-04,Q2 2024,2,2,April,Apr,4,April 2024,Wednesday,Wed,17
2024-04-18,2024,2024-04,Q2 2024,2,2,April,Apr,4,April 2024,Thursday,Thu,18
2024-04-19,2024,2024-04,Q2 2024,2,2,April,Apr,4,April 2024,Friday,Fri,19
2024-04-20,2024,2024-04,Q2 2024,2,2,April,Apr,4,April 2024,Saturday,Sat,20
2024-04-21,2024,2024-04,Q2 2024,2,2,April,Apr,4,April 2024,Sunday,Sun,21
2024-04-22,2024,2024-04,Q2 2024,2,2,April,Apr,4,April 2024,Monday,Mon,22
2024-04-23,2024,2024-04,Q2 2024,2,2,April,Apr,4,April 2024,Tuesday,Tue,23
2024-04-24,2024,2024-04,Q2 2024,2,2,April,Apr,4,April 2024,Wednesday,Wed,24
2024-04-25,2024,2024-04,Q2 2024,2,2,April,Apr,4,April 2024,Thursday,Thu,25
2024-04-26,2024,2024-04,Q2 2024,2,2,April,Apr,4,April 2024,Friday,Fri,26
2024-04-27,2024,2024-04,Q2 2024,2,2,April,Apr,4,April 2024,Saturday,Sat,27
2024-04-28,2024,2024-04,Q2 2024,2,2,April,Apr,4,April 2024,Sunday,Sun,28
2024-04-29,2024,2024-04,Q2 2024,2,2,April,Apr,4,April 2024,Monday,Mon,29
2024-04-30,2024,2024-04,Q2 2024,2,2,April,Apr,4,April 2024,Tuesday,Tue,30
2024-05-01,2024,2024-05,Q2 2024,2,2,May,May,5,May 2024,Wednesday,Wed,1
2024-05-02,2024,2024-05,Q2 2024,2,2,May,May,5,May 2024,Thursday,Thu,2
2024-05-03,2024,2024-05,Q2 2024,2,2,May,May,5,May 2024,Friday,Fri,3
2024-05-04,2024,2024-05,Q2 2024,2,2,May,May,5,May 2024,Saturday,Sat,4
2024-05-05,2024,2024-05,Q2 2024,2,2,May,May,5,May 2024,Sunday,Sun,5
2024-05-06,2024,2024-05,Q2 2024,2,2,May,May,5,May 2024,Monday,Mon,6
2024-05-07,2024,2024-05,Q2 2024,2,2,May,May,5,May 2024,Tuesday,Tue,7
2024-05-08,2024,2024-05,Q2 2024,2,2,May,May,5,May 2024,Wednesday,Wed,8
2024-05-09,2024,2024-05,Q2 2024,2,2,May,May,5,May 2024,Thursday,Thu,9
2024-05-10,2024,2024-05,Q2 2024,2,2,May,May,5,May 2024,Friday,Fri,10
2024-05-11,2024,2024-05,Q2 2024,2,2,May,May,5,May 2024,Saturday,Sat,11
2024-05-12,2024,2024-05,Q2 2024,2,2,May,May,5,May 2024,Sunday,Sun,12
2024-05-13,2024,2024-05,Q2 2024,2,2,May,May,5,May 2024,Monday,Mon,13
2024-05-14,2024,2024-05,Q2 2024,2,2,May,May,5,May 2024,Tuesday,Tue,14
2024-05-15,2024,2024-05,Q2 2024,2,2,May,May,5,May 2024,Wednesday,Wed,15
2024-05-16,2024,2024-05,Q2 2024,2,2,May,May,5,May 2024,Thursday,Thu,16
2024-05-17,2024,2024-05,Q2 2024,2,2,May,May,5,May 2024,Friday,Fri,17
2024-05-18,2024,2024-05,Q2 2024,2,2,May,May,5,May 2024,Saturday,Sat,18
2024-05-19,2024,2024-05,Q2 2024,2,2,May,May,5,May 2024,Sunday,Sun,19
2024-05-20,2024,2024-05,Q2 2024,2,2,May,May,5,May 2024,Monday,Mon,20
2024-05-21,2024,2024-05,Q2 2024,2,2,May,May,5,May 2024,Tuesday,Tue,21
2024-05-22,2024,2024-05,Q2 2024,2,2,May,May,5,May 2024,Wednesday,Wed,22
2024-05-23,2024,2024-05,Q2 2024,2,2,May,May,5,May 2024,Thursday,Thu,23
2024-05-24,2024,2024-05,Q2 2024,2,2,May,May,5,May 2024,Friday,Fri,24
2024-05-25,2024,2024-05,Q2 2024,2,2,May,May,5,May 2024,Saturday,Sat,25
2024-05-26,2024,2024-05,Q2 2024,2,2,May,May,5,May 2024,Sunday,Sun,26
2024-05-27,2024,2024-05,Q2 2024,2,2,May,May,5,May 2024,Monday,Mon,27
2024-05-28,2024,2024-05,Q2 2024,2,2,May,May,5,May 2024,Tuesday,Tue,28
2024-05-29,2024,2024-05,Q2 2024,2,2,May,May,5,May 2024,Wednesday,Wed,29
2024-05-30,2024,2024-05,Q2 2024,2,2,May,May,5,May 2024,Thursday,Thu,30
2024-05-31,2024,2024-05,Q2 2024,2,2,May,May,5,May 2024,Friday,Fri,31
2024-06-01,2024,2024-06,Q2 2024,2,2,June,Jun,6,June 2024,Saturday,Sat,1
2024-06-02,2024,2024-06,Q2 2024,2,2,June,Jun,6,June 2024,Sunday,Sun,2
2024-06-03,2024,2024-06,Q2 2024,2,2,June,Jun,6,June 2024,Monday,Mon,3
2024-06-04,2024,2024-06,Q2 2024,2,2,June,Jun,6,June 2024,Tuesday,Tue,4
2024-06-05,2024,2024-06,Q2 2024,2,2,June,Jun,6,June 2024,Wednesday,Wed,5
2024-06-06,2024,2024-06,Q2 2024,2,2,June,Jun,6,June 2024,Thursday,Thu,6
2024-06-07,2024,2024-06,Q2 2024,2,2,June,Jun,6,June 2024,Friday,Fri,7
2024-06-08,2024,2024-06,Q2 2024,2,2,June,Jun,6,June 2024,Saturday,Sat,8
2024-06-09,2024,2024-06,Q2 2024,2,2,June,Jun,6,June 2024,Sunday,Sun,9
2024-06-10,2024,2024-06,Q2 2024,2,2,June,Jun,6,June 2024,Monday,Mon,10
2024-06-11,2024,2024-06,Q2 2024,2,2,June,Jun,6,June 2024,Tuesday,Tue,11
2024-06-12,2024,2024-06,Q2 2024,2,2,June,Jun,6,June 2024,Wednesday,Wed,12
2024-06-13,2024,2024-06,Q2 2024,2,2,June,Jun,6,June 2024,Thursday,Thu,13
2024-06-14,2024,2024-06,Q2 2024,2,2,June,Jun,6,June 2024,Friday,Fri,14
2024-06-15,2024,2024-06,Q2 2024,2,2,June,Jun,6,June 2024,Saturday,Sat,15
2024-06-16,2024,2024-06,Q2 2024,2,2,June,Jun,6,June 2024,Sunday,Sun,16
2024-06-17,2024,2024-06,Q2 2024,2,2,June,Jun,6,June 2024,Monday,Mon,17
2024-06-18,2024,2024-06,Q2 2024,2,2,June,Jun,6,June 2024,Tuesday,Tue,18
2024-06-19,2024,2024-06,Q2 2024,2,2,June,Jun,6,June 2024,Wednesday,Wed,19
2024-06-20,2024,2024-06,Q2 2024,2,2,June,Jun,6,June 2024,Thursday,Thu,20
2024-06-21,2024,2024-06,Q2 2024,2,2,June,Jun,6,June 2024,Friday,Fri,21
2024-06-22,2024,2024-06,Q2 2024,2,2,June,Jun,6,June 2024,Saturday,Sat,22
2024-06-23,2024,2024-06,Q2 2024,2,2,June,Jun,6,June 2024,Sunday,Sun,23
2024-06-24,2024,2024-06,Q2 2024,2,2,June,Jun,6,June 2024,Monday,Mon,24
2024-06-25,2024,2024-06,Q2 2024,2,2,June,Jun,6,June 2024,Tuesday,Tue,25
2024-06-26,2024,2024-06,Q2 2024,2,2,June,Jun,6,June 2024,Wednesday,Wed,26
2024-06-27,2024,2024-06,Q2 2024,2,2,June,Jun,6,June 2024,Thursday,Thu,27
2024-06-28,2024,2024-06,Q2 2024,2,2,June,Jun,6,June 2024,Friday,Fri,28
2024-06-29,2024,2024-06,Q2 2024,2,2,June,Jun,6,June 2024,Saturday,Sat,29
2024-06-30,2024,2024-06,Q2 2024,2,2,June,Jun,6,June 2024,Sunday,Sun,30
2024-07-01,2024,2024-07,Q3 2024,3,3,July,Jul,7,July 2024,Monday,Mon,1
2024-07-02,2024,2024-07,Q3 2024,3,3,July,Jul,7,July 2024,Tuesday,Tue,2
2024-07-03,2024,2024-07,Q3 2024,3,3,July,Jul,7,July 2024,Wednesday,Wed,3
2024-07-04,2024,2024-07,Q3 2024,3,3,July,Jul,7,July 2024,Thursday,Thu,4
2024-07-05,2024,2024-07,Q3 2024,3,3,July,Jul,7,July 2024,Friday,Fri,5
2024-07-06,2024,2024-07,Q3 2024,3,3,July,Jul,7,July 2024,Saturday,Sat,6
2024-07-07,2024,2024-07,Q3 2024,3,3,July,Jul,7,July 2024,Sunday,Sun,7
2024-07-08,2024,2024-07,Q3 2024,3,3,July,Jul,7,July 2024,Monday,Mon,8
2024-07-09,2024,2024-07,Q3 2024,3,3,July,Jul,7,July 2024,Tuesday,Tue,9
2024-07-10,2024,2024-07,Q3 2024,3,3,July,Jul,7,July 2024,Wednesday,Wed,10
2024-07-11,2024,2024-07,Q3 2024,3,3,July,Jul,7,July 2024,Thursday,Thu,11
2024-07-12,2024,2024-07,Q3 2024,3,3,July,Jul,7,July 2024,Friday,Fri,12
2024-07-13,2024,2024-07,Q3 2024,3,3,July,Jul,7,July 2024,Saturday,Sat,13
2024-07-14,2024,2024-07,Q3 2024,3,3,July,Jul,7,July 2024,Sunday,Sun,14
2024-07-15,2024,2024-07,Q3 2024,3,3,July,Jul,7,July 2024,Monday,Mon,15
2024-07-16,2024,2024-07,Q3 2024,3,3,July,Jul,7,July 2024,Tuesday,Tue,16
2024-07-17,2024,2024-07,Q3 2024,3,3,July,Jul,7,July 2024,Wednesday,Wed,17
2024-07-18,2024,2024-07,Q3 2024,3,3,July,Jul,7,July 2024,Thursday,Thu,18
2024-07-19,2024,2024-07,Q3 2024,3,3,July,Jul,7,July 2024,Friday,Fri,19
2024-07-20,2024,2024-07,Q3 2024,3,3,July,Jul,7,July 2024,Saturday,Sat,20
2024-07-21,2024,2024-07,Q3 2024,3,3,July,Jul,7,July 2024,Sunday,Sun,21
2024-07-22,2024,2024-07,Q3 2024,3,3,July,Jul,7,July 2024,Monday,Mon,22
2024-07-23,2024,2024-07,Q3 2024,3,3,July,Jul,7,July 2024,Tuesday,Tue,23
2024-07-24,2024,2024-07,Q3 2024,3,3,July,Jul,7,July 2024,Wednesday,Wed,24
2024-07-25,2024,2024-07,Q3 2024,3,3,July,Jul,7,July 2024,Thursday,Thu,25
2024-07-26,2024,2024-07,Q3 2024,3,3,July,Jul,7,July 2024,Friday,Fri,26
2024-07-27,2024,2024-07,Q3 2024,3,3,July,Jul,7,July 2024,Saturday,Sat,27
2024-07-28,2024,2024-07,Q3 2024,3,3,July,Jul,7,July 2024,Sunday,Sun,28
2024-07-29,2024,2024-07,Q3 2024,3,3,July,Jul,7,July 2024,Monday,Mon,29
2024-07-30,2024,2024-07,Q3 2024,3,3,July,Jul,7,July 2024,Tuesday,Tue,30
2024-07-31,2024,2024-07,Q3 2024,3,3,July,Jul,7,July 2024,Wednesday,Wed,31
2024-08-01,2024,2024-08,Q3 2024,3,3,August,Aug,8,August 2024,Thursday,Thu,1
2024-08-02,2024,2024-08,Q3 2024,3,3,August,Aug,8,August 2024,Friday,Fri,2
2024-08-03,2024,2024-08,Q3 2024,3,3,August,Aug,8,August 2024,Saturday,Sat,3
2024-08-04,2024,2024-08,Q3 2024,3,3,August,Aug,8,August 2024,Sunday,Sun,4
2024-08-05,2024,2024-08,Q3 2024,3,3,August,Aug,8,August 2024,Monday,Mon,5
2024-08-06,2024,2024-08,Q3 2024,3,3,August,Aug,8,August 2024,Tuesday,Tue,6
2024-08-07,2024,2024-08,Q3 2024,3,3,August,Aug,8,August 2024,Wednesday,Wed,7
2024-08-08,2024,2024-08,Q3 2024,3,3,August,Aug,8,August 2024,Thursday,Thu,8
2024-08-09,2024,2024-08,Q3 2024,3,3,August,Aug,8,August 2024,Friday,Fri,9
2024-08-10,2024,2024-08,Q3 2024,3,3,August,Aug,8,August 2024,Saturday,Sat,10
2024-08-11,2024,2024-08,Q3 2024,3,3,August,Aug,8,August 2024,Sunday,Sun,11
2024-08-12,2024,2024-08,Q3 2024,3,3,August,Aug,8,August 2024,Monday,Mon,12
2024-08-13,2024,2024-08,Q3 2024,3,3,August,Aug,8,August 2024,Tuesday,Tue,13
2024-08-14,2024,2024-08,Q3 2024,3,3,August,Aug,8,August 2024,Wednesday,Wed,14
2024-08-15,2024,2024-08,Q3 2024,3,3,August,Aug,8,August 2024,Thursday,Thu,15
2024-08-16,2024,2024-08,Q3 2024,3,3,August,Aug,8,August 2024,Friday,Fri,16
2024-08-17,2024,2024-08,Q3 2024,3,3,August,Aug,8,August 2024,Saturday,Sat,17
2024-08-18,2024,2024-08,Q3 2024,3,3,August,Aug,8,August 2024,Sunday,Sun,18
2024-08-19,2024,2024-08,Q3 2024,3,3,August,Aug,8,August 2024,Monday,Mon,19
2024-08-20,2024,2024-08,Q3 2024,3,3,August,Aug,8,August 2024,Tuesday,Tue,20
2024-08-21,2024,2024-08,Q3 2024,3,3,August,Aug,8,August 2024,Wednesday,Wed,21
2024-08-22,2024,2024-08,Q3 2024,3,3,August,Aug,8,August 2024,Thursday,Thu,22
2024-08-23,2024,2024-08,Q3 2024,3,3,August,Aug,8,August 2024,Friday,Fri,23
2024-08-24,2024,2024-08,Q3 2024,3,3,August,Aug,8,August 2024,Saturday,Sat,24
2024-08-25,2024,2024-08,Q3 2024,3,3,August,Aug,8,August 2024,Sunday,Sun,25
2024-08-26,2024,2024-08,Q3 2024,3,3,August,Aug,8,August 2024,Monday,Mon,26
2024-08-27,2024,2024-08,Q3 2024,3,3,August,Aug,8,August 2024,Tuesday,Tue,27
2024-08-28,2024,2024-08,Q3 2024,3,3,August,Aug,8,August 2024,Wednesday,Wed,28
2024-08-29,2024,2024-08,Q3 2024,3,3,August,Aug,8,August 2024,Thursday,Thu,29
2024-08-30,2024,2024-08,Q3 2024,3,3,August,Aug,8,August 2024,Friday,Fri,30
2024-08-31,2024,2024-08,Q3 2024,3,3,August,Aug,8,August 2024,Saturday,Sat,31
2024-09-01,2024,2024-09,Q3 2024,3,3,September,Sep,9,September 2024,Sunday,Sun,1
2024-09-02,2024,2024-09,Q3 2024,3,3,September,Sep,9,September 2024,Monday,Mon,2
2024-09-03,2024,2024-09,Q3 2024,3,3,September,Sep,9,September 2024,Tuesday,Tue,3
2024-09-04,2024,2024-09,Q3 2024,3,3,September,Sep,9,September 2024,Wednesday,Wed,4
2024-09-05,2024,2024-09,Q3 2024,3,3,September,Sep,9,September 2024,Thursday,Thu,5
2024-09-06,2024,2024-09,Q3 2024,3,3,September,Sep,9,September 2024,Friday,Fri,6
2024-09-07,2024,2024-09,Q3 2024,3,3,September,Sep,9,September 2024,Saturday,Sat,7
2024-09-08,2024,2024-09,Q3 2024,3,3,September,Sep,9,September 2024,Sunday,Sun,8
2024-09-09,2024,2024-09,Q3 2024,3,3,September,Sep,9,September 2024,Monday,Mon,9
2024-09-10,2024,2024-09,Q3 2024,3,3,September,Sep,9,September 2024,Tuesday,Tue,10
2024-09-11,2024,2024-09,Q3 2024,3,3,September,Sep,9,September 2024,Wednesday,Wed,11
2024-09-12,2024,2024-09,Q3 2024,3,3,September,Sep,9,September 2024,Thursday,Thu,12
2024-09-13,2024,2024-09,Q3 2024,3,3,September,Sep,9,September 2024,Friday,Fri,13
2024-09-14,2024,2024-09,Q3 2024,3,3,September,Sep,9,September 2024,Saturday,Sat,14
2024-09-15,2024,2024-09,Q3 2024,3,3,September,Sep,9,September 2024,Sunday,Sun,15
2024-09-16,2024,2024-09,Q3 2024,3,3,September,Sep,9,September 2024,Monday,Mon,16
2024-09-17,2024,2024-09,Q3 2024,3,3,September,Sep,9,September 2024,Tuesday,Tue,17
2024-09-18,2024,2024-09,Q3 2024,3,3,September,Sep,9,September 2024,Wednesday,Wed,18
2024-09-19,2024,2024-09,Q3 2024,3,3,September,Sep,9,September 2024,Thursday,Thu,19
2024-09-20,2024,2024-09,Q3 2024,3,3,September,Sep,9,September 2024,Friday,Fri,20
2024-09-21,2024,2024-09,Q3 2024,3,3,September,Sep,9,September 2024,Saturday,Sat,21
2024-09-22,2024,2024-09,Q3 2024,3,3,September,Sep,9,September 2024,Sunday,Sun,22
2024-09-23,2024,2024-09,Q3 2024,3,3,September,Sep,9,September 2024,Monday,Mon,23
2024-09-24,2024,2024-09,Q3 2024,3,3,September,Sep,9,September 2024,Tuesday,Tue,24
2024-09-25,2024,2024-09,Q3 2024,3,3,September,Sep,9,September 2024,Wednesday,Wed,25
2024-09-26,2024,2024-09,Q3 2024,3,3,September,Sep,9,September 2024,Thursday,Thu,26
2024-09-27,2024,2024-09,Q3 2024,3,3,September,Sep,9,September 2024,Friday,Fri,27
2024-09-28,2024,2024-09,Q3 2024,3,3,September,Sep,9,September 2024,Saturday,Sat,28
2024-09-29,2024,2024-09,Q3 2024,3,3,September,Sep,9,September 2024,Sunday,Sun,29
2024-09-30,2024,2024-09,Q3 2024,3,3,September,Sep,9,September 2024,Monday,Mon,30
2024-10-01,2024,2024-10,Q4 2024,4,4,October,Oct,10,October 2024,Tuesday,Tue,1
2024-10-02,2024,2024-10,Q4 2024,4,4,October,Oct,10,October 2024,Wednesday,Wed,2
2024-10-03,2024,2024-10,Q4 2024,4,4,October,Oct,10,October 2024,Thursday,Thu,3
2024-10-04,2024,2024-10,Q4 2024,4,4,October,Oct,10,October 2024,Friday,Fri,4
2024-10-05,2024,2024-10,Q4 2024,4,4,October,Oct,10,October 2024,Saturday,Sat,5
2024-10-06,2024,2024-10,Q4 2024,4,4,October,Oct,10,October 2024,Sunday,Sun,6
2024-10-07,2024,2024-10,Q4 2024,4,4,October,Oct,10,October 2024,Monday,Mon,7
2024-10-08,2024,2024-10,Q4 2024,4,4,October,Oct,10,October 2024,Tuesday,Tue,8
2024-10-09,2024,2024-10,Q4 2024,4,4,October,Oct,10,October 2024,Wednesday,Wed,9
2024-10-10,2024,2024-10,Q4 2024,4,4,October,Oct,10,October 2024,Thursday,Thu,10
2024-10-11,2024,2024-10,Q4 2024,4,4,October,Oct,10,October 2024,Friday,Fri,11
2024-10-12,2024,2024-10,Q4 2024,4,4,October,Oct,10,October 2024,Saturday,Sat,12
2024-10-13,2024,2024-10,Q4 2024,4,4,October,Oct,10,October 2024,Sunday,Sun,13
2024-10-14,2024,2024-10,Q4 2024,4,4,October,Oct,10,October 2024,Monday,Mon,14
2024-10-15,2024,2024-10,Q4 2024,4,4,October,Oct,10,October 2024,Tuesday,Tue,15
2024-10-16,2024,2024-10,Q4 2024,4,4,October,Oct,10,October 2024,Wednesday,Wed,16
2024-10-17,2024,2024-10,Q4 2024,4,4,October,Oct,10,October 2024,Thursday,Thu,17
2024-10-18,2024,2024-10,Q4 2024,4,4,October,Oct,10,October 2024,Friday,Fri,18
2024-10-19,2024,2024-10,Q4 2024,4,4,October,Oct,10,October 2024,Saturday,Sat,19
2024-10-20,2024,2024-10,Q4 2024,4,4,October,Oct,10,October 2024,Sunday,Sun,20
2024-10-21,2024,2024-10,Q4 2024,4,4,October,Oct,10,October 2024,Monday,Mon,21
2024-10-22,2024,2024-10,Q4 2024,4,4,October,Oct,10,October 2024,Tuesday,Tue,22
2024-10-23,2024,2024-10,Q4 2024,4,4,October,Oct,10,October 2024,Wednesday,Wed,23
2024-10-24,2024,2024-10,Q4 2024,4,4,October,Oct,10,October 2024,Thursday,Thu,24
2024-10-25,2024,2024-10,Q4 2024,4,4,October,Oct,10,October 2024,Friday,Fri,25
2024-10-26,2024,2024-10,Q4 2024,4,4,October,Oct,10,October 2024,Saturday,Sat,26
2024-10-27,2024,2024-10,Q4 2024,4,4,October,Oct,10,October 2024,Sunday,Sun,27
2024-10-28,2024,2024-10,Q4 2024,4,4,October,Oct,10,October 2024,Monday,Mon,28
2024-10-29,2024,2024-10,Q4 2024,4,4,October,Oct,10,October 2024,Tuesday,Tue,29
2024-10-30,2024,2024-10,Q4 2024,4,4,October,Oct,10,October 2024,Wednesday,Wed,30
2024-10-31,2024,2024-10,Q4 2024,4,4,October,Oct,10,October 2024,Thursday,Thu,31
2024-11-01,2024,2024-11,Q4 2024,4,4,November,Nov,11,November 2024,Friday,Fri,1
2024-11-02,2024,2024-11,Q4 2024,4,4,November,Nov,11,November 2024,Saturday,Sat,2
2024-11-03,2024,2024-11,Q4 2024,4,4,November,Nov,11,November 2024,Sunday,Sun,3
2024-11-04,2024,2024-11,Q4 2024,4,4,November,Nov,11,November 2024,Monday,Mon,4
2024-11-05,2024,2024-11,Q4 2024,4,4,November,Nov,11,November 2024,Tuesday,Tue,5
2024-11-06,2024,2024-11,Q4 2024,4,4,November,Nov,11,November 2024,Wednesday,Wed,6
2024-11-07,2024,2024-11,Q4 2024,4,4,November,Nov,11,November 2024,Thursday,Thu,7
2024-11-08,2024,2024-11,Q4 2024,4,4,November,Nov,11,November 2024,Friday,Fri,8
2024-11-09,2024,2024-11,Q4 2024,4,4,November,Nov,11,November 2024,Saturday,Sat,9
2024-11-10,2024,2024-11,Q4 2024,4,4,November,Nov,11,November 2024,Sunday,Sun,10
2024-11-11,2024,2024-11,Q4 2024,4,4,November,Nov,11,November 2024,Monday,Mon,11
2024-11-12,2024,2024-11,Q4 2024,4,4,November,Nov,11,November 2024,Tuesday,Tue,12
2024-11-13,2024,2024-11,Q4 2024,4,4,November,Nov,11,November 2024,Wednesday,Wed,13
2024-11-14,2024,2024-11,Q4 2024,4,4,November,Nov,11,November 2024,Thursday,Thu,14
2024-11-15,2024,2024-11,Q4 2024,4,4,November,Nov,11,November 2024,Friday,Fri,15
2024-11-16,2024,2024-11,Q4 2024,4,4,November,Nov,11,November 2024,Saturday,Sat,16
2024-11-17,2024,2024-11,Q4 2024,4,4,November,Nov,11,November 2024,Sunday,Sun,17
2024-11-18,2024,2024-11,Q4 2024,4,4,November,Nov,11,November 2024,Monday,Mon,18
2024-11-19,2024,2024-11,Q4 2024,4,4,November,Nov,11,November 2024,Tuesday,Tue,19
2024-11-20,2024,2024-11,Q4 2024,4,4,November,Nov,11,November 2024,Wednesday,Wed,20
2024-11-21,2024,2024-11,Q4 2024,4,4,November,Nov,11,November 2024,Thursday,Thu,21
2024-11-22,2024,2024-11,Q4 2024,4,4,November,Nov,11,November 2024,Friday,Fri,22
2024-11-23,2024,2024-11,Q4 2024,4,4,November,Nov,11,November 2024,Saturday,Sat,23
2024-11-24,2024,2024-11,Q4 2024,4,4,November,Nov,11,November 2024,Sunday,Sun,24
2024-11-25,2024,2024-11,Q4 2024,4,4,November,Nov,11,November 2024,Monday,Mon,25
2024-11-26,2024,2024-11,Q4 2024,4,4,November,Nov,11,November 2024,Tuesday,Tue,26
2024-11-27,2024,2024-11,Q4 2024,4,4,November,Nov,11,November 2024,Wednesday,Wed,27
2024-11-28,2024,2024-11,Q4 2024,4,4,November,Nov,11,November 2024,Thursday,Thu,28
2024-11-29,2024,2024-11,Q4 2024,4,4,November,Nov,11,November 2024,Friday,Fri,29
2024-11-30,2024,2024-11,Q4 2024,4,4,November,Nov,11,November 2024,Saturday,Sat,30
2024-12-01,2024,2024-12,Q4 2024,4,4,December,Dec,12,December 2024,Sunday,Sun,1
2024-12-02,2024,2024-12,Q4 2024,4,4,December,Dec,12,December 2024,Monday,Mon,2
2024-12-03,2024,2024-12,Q4 2024,4,4,December,Dec,12,December 2024,Tuesday,Tue,3
2024-12-04,2024,2024-12,Q4 2024,4,4,December,Dec,12,December 2024,Wednesday,Wed,4
2024-12-05,2024,2024-12,Q4 2024,4,4,December,Dec,12,December 2024,Thursday,Thu,5
2024-12-06,2024,2024-12,Q4 2024,4,4,December,Dec,12,December 2024,Friday,Fri,6
2024-12-07,2024,2024-12,Q4 2024,4,4,December,Dec,12,December 2024,Saturday,Sat,7
2024-12-08,2024,2024-12,Q4 2024,4,4,December,Dec,12,December 2024,Sunday,Sun,8
2024-12-09,2024,2024-12,Q4 2024,4,4,December,Dec,12,December 2024,Monday,Mon,9
2024-12-10,2024,2024-12,Q4 2024,4,4,December,Dec,12,December 2024,Tuesday,Tue,10
2024-12-11,2024,2024-12,Q4 2024,4,4,December,Dec,12,December 2024,Wednesday,Wed,11
2024-12-12,2024,2024-12,Q4 2024,4,4,December,Dec,12,December 2024,Thursday,Thu,12
2024-12-13,2024,2024-12,Q4 2024,4,4,December,Dec,12,December 2024,Friday,Fri,13
2024-12-14,2024,2024-12,Q4 2024,4,4,December,Dec,12,December 2024,Saturday,Sat,14
2024-12-15,2024,2024-12,Q4 2024,4,4,December,Dec,12,December 2024,Sunday,Sun,15
2024-12-16,2024,2024-12,Q4 2024,4,4,December,Dec,12,December 2024,Monday,Mon,16
2024-12-17,2024,2024-12,Q4 2024,4,4,December,Dec,12,December 2024,Tuesday,Tue,17
2024-12-18,2024,2024-12,Q4 2024,4,4,December,Dec,12,December 2024,Wednesday,Wed,18
2024-12-19,2024,2024-12,Q4 2024,4,4,December,Dec,12,December 2024,Thursday,Thu,19
2024-12-20,2024,2024-12,Q4 2024,4,4,December,Dec,12,December 2024,Friday,Fri,20
2024-12-21,2024,2024-12,Q4 2024,4,4,December,Dec,12,December 2024,Saturday,Sat,21
2024-12-22,2024,2024-12,Q4 2024,4,4,December,Dec,12,December 2024,Sunday,Sun,22
2024-12-23,2024,2024-12,Q4 2024,4,4,December,Dec,12,December 2024,Monday,Mon,23
2024-12-24,2024,2024-12,Q4 2024,4,4,December,Dec,12,December 2024,Tuesday,Tue,24
2024-12-25,2024,2024-12,Q4 2024,4,4,December,Dec,12,December 2024,Wednesday,Wed,25
2024-12-26,2024,2024-12,Q4 2024,4,4,December,Dec,12,December 2024,Thursday,Thu,26
2024-12-27,2024,2024-12,Q4 2024,4,4,December,Dec,12,December 2024,Friday,Fri,27
2024-12-28,2024,2024-12,Q4 2024,4,4,December,Dec,12,December 2024,Saturday,Sat,28
2024-12-29,2024,2024-12,Q4 2024,4,4,December,Dec,12,December 2024,Sunday,Sun,29
2024-12-30,2024,2024-12,Q4 2024,4,4,December,Dec,12,December 2024,Monday,Mon,30
2024-12-31,2024,2024-12,Q4 2024,4,4,December,Dec,12,December 2024,Tuesday,Tue,31
